"","PHY","PO4","POR","NO3","NOR","NH4","L","O2","U","H","T","alfa1","kpe","beta","BEN","M1","M2","k520","k120","KN","KP","n","f","IK","dtn","dtp","fn","fp","k620","k320","RP","WNOR","WLOR","WPOR","Io","Cmax"
"1",0.0236795797296443,0.0107172457881819,0.00691130623845068,0.000456026651488985,0.00506267090509724,0.00207993693129836,0.000212972638102846,0.00555406554009367,0.605243246517265,0.433701388623279,0.232044050800847,0.0183850370690256,0.0170065802329504,0.00225361537389829,0.631509519941216,0.0206593975453591,0.00714612537974029,0.0145435577160602,0.000770234354300809,0.00896051233458902,0.0105510133137342,0.0689140150406514,0.00122903698818118,0.0091023020225599,0.00920847350754285,0.00584516693978187,0.044088755268647,0.020500176063236,0.00191348297341191,0.0181399981844042,0.00779097270203797,0.012979350454835,0.0227265423420339,0.00140435336686461,0.0179119463761203,0.0230155953104607
"2",0.0236788505346644,0.0107172045908126,0.00691129647730333,0.000456101671116903,0.00506271918915143,0.00207980746720724,0.000212937345673962,0.00555407301669166,0.60524105370821,0.433699462981067,0.232044187232506,0.0183848530054407,0.0170065432794037,0.00225355681335339,0.631508744036973,0.0206593552640936,0.00714604411629196,0.0145436704167633,0.00077021004677924,0.00896053769462137,0.0105509633865313,0.0689134010383644,0.00122944675944685,0.00910224038868339,0.00920840225224305,0.0058451318956937,0.0440883175934851,0.0205001183248674,0.00191346129141703,0.0181399138245226,0.00779093363517492,0.0129792977098743,0.0227264460456364,0.00140423486525674,0.0179119544346282,0.0230154623862558
