"","PHY","PO4","POR","NO3","NOR","NH4","L","O2","U","H","T","alfa1","kpe","beta","BEN","M1","M2","k520","k120","KN","KP","n","f","IK","dtn","dtp","fn","fp","k620","k320","RP","WNOR","WLOR","WPOR","Io","Cmax"
"1",0.121706814605405,0.0606422955291077,0.0437344616908743,0.0206485785140296,0.0327712019174289,0.0199681733665633,0.0421665250850451,0.0244473892441086,0.0425938160090518,0.507791582584449,0.0376016596230628,0.943203759676179,0.64205615459336,0.10215437025098,0.0425720590034143,0.175592447834364,0.396249018179691,0.00102857042249587,0.0385665433201469,0.0225929978389549,0.0147364701466172,0.00685018737798768,0.0294194007560609,0.192119428768319,0.130488171507144,0.131446802810708,0.0388197495007446,0.0466212083277815,0.0681402774089851,0.0752784511537267,0.0619390867036539,0.089564353340563,0.0205207507616405,0.0649459194337725,0.219656947434284,0.601608494054348
"2",0.121707128478418,0.0606423380250652,0.043734398016079,0.0206482901508033,0.0327708138631211,0.0199683227487092,0.0421670036063468,0.0244473545039381,0.0425940784403293,0.507790715083524,0.0376018172375194,0.943203701033825,0.642056470315353,0.102154250219581,0.0425720691258025,0.175592626528515,0.396248650887138,0.0010289034477402,0.0385666709772636,0.0225929541328997,0.0147364409907143,0.00685024549938263,0.0294194651098485,0.192119656876045,0.130488374318114,0.131447131044426,0.0388200140647123,0.046621524329572,0.0681405072170176,0.075278881475083,0.061938710512522,0.0895643356530181,0.0205210776939394,0.0649457137694147,0.219657133957329,0.601608265969941
