"","PHY","PO4","POR","NO3","NOR","NH4","L","O2","U","H","T","alfa1","kpe","beta","BEN","M1","M2","k520","k120","KN","KP","n","f","IK","dtn","dtp","fn","fp","k620","k320","RP","WNOR","WLOR","WPOR","Io","Cmax"
"1",0.286546783695528,0.0304520777869578,0.0564717771467979,0.0109602858976964,0.0342033549181915,0.0734141373712525,0.00426990686209608,0.0243866551291813,0.00173509420376582,0.0926124327464466,0.0933856345858942,0.318944317861741,0.1435393826431,0.0232825023500713,0.0623856128747316,0.0318277711309813,0.0633240140111221,0.883237324043216,0.00197577806705904,0.040479002206989,0.0245396879301157,0.0468826688155932,0.0173760767872916,0.0247478048627259,0.0374310875921545,0.0174192777059149,0.40215224761431,0.0531520823894736,0.10293030978066,0.00938313089668989,0.0142520768347185,0.0510960532629298,0.0512724546773457,0.0200838761713639,0.0453138845507192,0.15829468166685
"2",0.286546814251785,0.0304524353959833,0.0564719810240297,0.010960535934315,0.0342030907096407,0.0734141215914946,0.00426975629041679,0.0243865966762622,0.00173518061053549,0.0926128048186776,0.0933854068640342,0.318945746819941,0.143540094960904,0.0232827372686478,0.0623856758009999,0.031828049438256,0.0633241778646275,0.88323704058653,0.00197590389588826,0.040479109120777,0.0245397639060672,0.0468828491724376,0.017376308166727,0.02474816775471,0.037431167550276,0.0174192227662334,0.402152377598992,0.0531518900321531,0.102930600923145,0.00938320300243608,0.0142522864599873,0.0510960556293921,0.0512725664223993,0.0200839908640843,0.0453140940964947,0.158295312477508
