"","PHY","PO4","POR","NO3","NOR","NH4","L","O2","U","H","T","alfa1","kpe","beta","BEN","M1","M2","k520","k120","KN","KP","n","f","IK","dtn","dtp","fn","fp","k620","k320","RP","WNOR","WLOR","WPOR","Io","Cmax"
"1",0.152813018391153,0.00404160961311622,0.0173270237439451,0.00733840784899806,0.013017242823766,0.0110372873345748,0.00404093539139219,0.0179856320706318,0.000473712674798824,0.0359145589869317,0.00430931956743478,0.0168763519262809,0.0127476664210785,0.00244900626484327,0.00127292607338631,0.00789540450813342,0.00793763833459706,0.00416215793522768,0.00102331060429545,0.0222136466686253,0.00843753036471334,0.00369202744197547,0.00951676492507203,0.0267453971312303,0.00566172780789252,0.0395564636405311,0.00294012800240498,0.148815830317918,0.00916185316190437,0.0369014915249017,0.00347842135526536,0.0167630142924784,0.00396843333305474,0.0253546870153336,0.0082502766052841,0.0100346080091812
"2",0.152813029948285,0.00404160684577175,0.017327026272464,0.0073384131071365,0.0130172451937718,0.0110372900997199,0.00404094821685735,0.0179856197347814,0.000473707682329457,0.0359145509813552,0.0043093110236221,0.0168763492726623,0.0127476747168661,0.00244900683075044,0.00127292459130547,0.00789541008121019,0.0079376278085148,0.00416215583572338,0.00102331756593424,0.0222136604303965,0.0084375306872646,0.00369203491885169,0.00951674541811974,0.0267453927702911,0.00566171874023635,0.0395564559217263,0.00294013202382727,0.148815834870079,0.00916185915266502,0.0369014790647786,0.00347842559319018,0.0167630164702112,0.00396841425836847,0.0253546857559694,0.00825028342867865,0.0100346009462984
