"","PHY","PO4","POR","NO3","NOR","NH4","L","O2","U","H","T","alfa1","kpe","beta","BEN","M1","M2","k520","k120","KN","KP","n","f","IK","dtn","dtp","fn","fp","k620","k320","RP","WNOR","WLOR","WPOR","Io","Cmax"
"1",0.612122592107551,0.438227535094847,0.395905801708008,0.43605235680366,0.545208485601241,0.434390309516809,0.444905849586299,0.584077434965931,0.540524106280712,0.533294376585693,0.456480098358914,0.55224171349181,0.571728034429401,0.583399637916742,0.539491573049825,0.383415291040946,0.45035557885974,0.519621337503186,0.45221301844719,0.381792507676227,0.406006788166649,0.584382213560395,0.426162599989095,0.620874808210325,0.426623072838052,0.437039546575478,0.636875036620027,0.460359408206873,0.711619183507917,0.431784471514483,0.512427425786282,0.480379384339997,0.528171142347469,0.462056475862898,0.45940310099651,0.448229319303221
"2",0.612122627884742,0.438226496429086,0.395904542506836,0.436053033015896,0.545209761687845,0.434389561902375,0.444906637002076,0.584078528666559,0.540525450455239,0.53329634676854,0.456478989665944,0.552241716328057,0.571729286334479,0.583400706252983,0.539493096336272,0.38341566496536,0.450355940103889,0.519619270432161,0.452213721225266,0.38179294557256,0.406006024557043,0.584382856244998,0.426163582765057,0.620876198694205,0.426623361141146,0.437038128124393,0.636875520011684,0.460359827322448,0.711619599538919,0.431783250513033,0.512427029061778,0.480378767760649,0.528171959108798,0.462056825293379,0.4594033107254,0.448229700709017
